frame_nmr,car_id,car_bbox,license_plate_bbox,license_plate_bbox_score,license_number,license_number_score
0,5,[2197.166015625 1154.0797119140625 2785.6494140625 1736.5533447265625],[2418.22216796875 1555.991943359375 2578.4833984375 1635.1429443359375],0.27588284,MT51YSU,0.019710736
1,5,[2197.398996734198 1154.2834506734766 2785.5585086050983 1736.5472180635898],[2418.293212890625 1555.9954833984375 2578.708251953125 1635.0985107421875],0.276003301,MT51TSU,0.02067653
4,3,[749.085051577626 1380.2561166127098 1430.169408208501 2000.794465912953],[962.6356201171875 1780.8597412109375 1195.8209228515625 1874.25341796875],0.456761122,NA13NRU,0.409652307
4,5,[2196.699755162566 1171.5289903927855 2784.997840860457 1751.7258330714594],[2408.845458984375 1567.214111328125 2593.138916015625 1651.3961181640625],0.413841784,NT51YSU,0.116754703
6,5,[2192.9394124184887 1176.756848662903 2788.933676672817 1758.4378165221956],[2409.447265625 1575.2509765625 2581.861083984375 1653.060546875],0.445160031,NT51YSU,0.151724727
7,5,[2192.0449033370737 1177.3984932629278 2788.4125646325606 1759.2666962209405],[2409.560791015625 1575.1959228515625 2581.795166015625 1653.0318603515625],0.444275051,NT51YSU,0.151724727
8,5,[2189.1328894471503 1176.7713701037947 2789.4467542439666 1762.0337739468005],[2412.917236328125 1578.1436767578125 2583.864501953125 1656.235595703125],0.429340005,HV53YSU,0.26529205
9,5,[2190.6484117214386 1175.744283463992 2792.2373050901597 1764.4547933780013],[2410.478515625 1577.8663330078125 2590.6435546875 1658.5081787109375],0.478524327,KT53YSU,0.061763178
